SMILES,pKa,Dissociable_Atoms,Functional_Group,Name,Dissociable_Atoms_Ordered,Functional_Group_Ordered,Dissociation_Order
N[C@@H](CCC(=O)N[C@@H](CSSC[C@H](NC(=O)CC[C@H](N)C(O)=O)C(=O)NCC(O)=O)C(=O)NCC(O)=O)C(O)=O,9.81,21:28:35:38:0:19,carboxylic_acid:carboxylic_acid:carboxylic_acid:carboxylic_acid:amine_primary:amine_primary,"N,N-[N'',N''''-Di(L-5-glutamyl)-L-cystinyl]di(glycine) (Oxidized glutathione) (Glutathione disulfide)",21:28:35:38:0:19,carboxylic_acid:carboxylic_acid:carboxylic_acid:carboxylic_acid:amine_primary:amine_primary,21(carboxylic_acid) > 28(carboxylic_acid) > 35(carboxylic_acid) > 38(carboxylic_acid) > 0(amine_primary) > 19(amine_primary)
N[C@@H](CCC(=O)N[C@@H](CSSC[C@H](NC(=O)CC[C@H](N)C(O)=O)C(=O)NCC(O)=O)C(=O)NCC(O)=O)C(O)=O,9.16,21:28:35:38:0:19,carboxylic_acid:carboxylic_acid:carboxylic_acid:carboxylic_acid:amine_primary:amine_primary,"N,N-[N'',N''''-Di(L-5-glutamyl)-L-cystinyl]di(glycine) (Oxidized glutathione) (Glutathione disulfide)",21:28:35:38:0:19,carboxylic_acid:carboxylic_acid:carboxylic_acid:carboxylic_acid:amine_primary:amine_primary,21(carboxylic_acid) > 28(carboxylic_acid) > 35(carboxylic_acid) > 38(carboxylic_acid) > 0(amine_primary) > 19(amine_primary)
N[C@@H](CCC(=O)N[C@@H](CSSC[C@H](NC(=O)CC[C@H](N)C(O)=O)C(=O)NCC(O)=O)C(=O)NCC(O)=O)C(O)=O,9.35,21:28:35:38:0:19,carboxylic_acid:carboxylic_acid:carboxylic_acid:carboxylic_acid:amine_primary:amine_primary,"N,N-[N'',N''''-Di(L-5-glutamyl)-L-cystinyl]di(glycine) (Oxidized glutathione) (Glutathione disulfide)",21:28:35:38:0:19,carboxylic_acid:carboxylic_acid:carboxylic_acid:carboxylic_acid:amine_primary:amine_primary,21(carboxylic_acid) > 28(carboxylic_acid) > 35(carboxylic_acid) > 38(carboxylic_acid) > 0(amine_primary) > 19(amine_primary)
N[C@@H](CCC(=O)N[C@@H](CSSC[C@H](NC(=O)CC[C@H](N)C(O)=O)C(=O)NCC(O)=O)C(=O)NCC(O)=O)C(O)=O,8.85,21:28:35:38:0:19,carboxylic_acid:carboxylic_acid:carboxylic_acid:carboxylic_acid:amine_primary:amine_primary,"N,N-[N'',N''''-Di(L-5-glutamyl)-L-cystinyl]di(glycine) (Oxidized glutathione) (Glutathione disulfide)",21:28:35:38:0:19,carboxylic_acid:carboxylic_acid:carboxylic_acid:carboxylic_acid:amine_primary:amine_primary,21(carboxylic_acid) > 28(carboxylic_acid) > 35(carboxylic_acid) > 38(carboxylic_acid) > 0(amine_primary) > 19(amine_primary)
N[C@@H](CCC(=O)N[C@@H](CSSC[C@H](NC(=O)CC[C@H](N)C(O)=O)C(=O)NCC(O)=O)C(=O)NCC(O)=O)C(O)=O,8.54,21:28:35:38:0:19,carboxylic_acid:carboxylic_acid:carboxylic_acid:carboxylic_acid:amine_primary:amine_primary,"N,N-[N'',N''''-Di(L-5-glutamyl)-L-cystinyl]di(glycine) (Oxidized glutathione) (Glutathione disulfide)",21:28:35:38:0:19,carboxylic_acid:carboxylic_acid:carboxylic_acid:carboxylic_acid:amine_primary:amine_primary,21(carboxylic_acid) > 28(carboxylic_acid) > 35(carboxylic_acid) > 38(carboxylic_acid) > 0(amine_primary) > 19(amine_primary)
N[C@@H](CCC(=O)N[C@@H](CSSC[C@H](NC(=O)CC[C@H](N)C(O)=O)C(=O)NCC(O)=O)C(=O)NCC(O)=O)C(O)=O,8.59,21:28:35:38:0:19,carboxylic_acid:carboxylic_acid:carboxylic_acid:carboxylic_acid:amine_primary:amine_primary,"N,N-[N'',N''''-Di(L-5-glutamyl)-L-cystinyl]di(glycine) (Oxidized glutathione) (Glutathione disulfide)",21:28:35:38:0:19,carboxylic_acid:carboxylic_acid:carboxylic_acid:carboxylic_acid:amine_primary:amine_primary,21(carboxylic_acid) > 28(carboxylic_acid) > 35(carboxylic_acid) > 38(carboxylic_acid) > 0(amine_primary) > 19(amine_primary)
N[C@@H](CCC(=O)N[C@@H](CSSC[C@H](NC(=O)CC[C@H](N)C(O)=O)C(=O)NCC(O)=O)C(=O)NCC(O)=O)C(O)=O,3.83,21:28:35:38:0:19,carboxylic_acid:carboxylic_acid:carboxylic_acid:carboxylic_acid:amine_primary:amine_primary,"N,N-[N'',N''''-Di(L-5-glutamyl)-L-cystinyl]di(glycine) (Oxidized glutathione) (Glutathione disulfide)",21:28:35:38:0:19,carboxylic_acid:carboxylic_acid:carboxylic_acid:carboxylic_acid:amine_primary:amine_primary,21(carboxylic_acid) > 28(carboxylic_acid) > 35(carboxylic_acid) > 38(carboxylic_acid) > 0(amine_primary) > 19(amine_primary)
N[C@@H](CCC(=O)N[C@@H](CSSC[C@H](NC(=O)CC[C@H](N)C(O)=O)C(=O)NCC(O)=O)C(=O)NCC(O)=O)C(O)=O,3.98,21:28:35:38:0:19,carboxylic_acid:carboxylic_acid:carboxylic_acid:carboxylic_acid:amine_primary:amine_primary,"N,N-[N'',N''''-Di(L-5-glutamyl)-L-cystinyl]di(glycine) (Oxidized glutathione) (Glutathione disulfide)",21:28:35:38:0:19,carboxylic_acid:carboxylic_acid:carboxylic_acid:carboxylic_acid:amine_primary:amine_primary,21(carboxylic_acid) > 28(carboxylic_acid) > 35(carboxylic_acid) > 38(carboxylic_acid) > 0(amine_primary) > 19(amine_primary)
N[C@@H](CCC(=O)N[C@@H](CSSC[C@H](NC(=O)CC[C@H](N)C(O)=O)C(=O)NCC(O)=O)C(=O)NCC(O)=O)C(O)=O,3.16,21:28:35:38:0:19,carboxylic_acid:carboxylic_acid:carboxylic_acid:carboxylic_acid:amine_primary:amine_primary,"N,N-[N'',N''''-Di(L-5-glutamyl)-L-cystinyl]di(glycine) (Oxidized glutathione) (Glutathione disulfide)",21:28:35:38:0:19,carboxylic_acid:carboxylic_acid:carboxylic_acid:carboxylic_acid:amine_primary:amine_primary,21(carboxylic_acid) > 28(carboxylic_acid) > 35(carboxylic_acid) > 38(carboxylic_acid) > 0(amine_primary) > 19(amine_primary)
N[C@@H](CCC(=O)N[C@@H](CSSC[C@H](NC(=O)CC[C@H](N)C(O)=O)C(=O)NCC(O)=O)C(=O)NCC(O)=O)C(O)=O,3.16,21:28:35:38:0:19,carboxylic_acid:carboxylic_acid:carboxylic_acid:carboxylic_acid:amine_primary:amine_primary,"N,N-[N'',N''''-Di(L-5-glutamyl)-L-cystinyl]di(glycine) (Oxidized glutathione) (Glutathione disulfide)",21:28:35:38:0:19,carboxylic_acid:carboxylic_acid:carboxylic_acid:carboxylic_acid:amine_primary:amine_primary,21(carboxylic_acid) > 28(carboxylic_acid) > 35(carboxylic_acid) > 38(carboxylic_acid) > 0(amine_primary) > 19(amine_primary)
N[C@@H](CCC(=O)N[C@@H](CSSC[C@H](NC(=O)CC[C@H](N)C(O)=O)C(=O)NCC(O)=O)C(=O)NCC(O)=O)C(O)=O,2.35,21:28:35:38:0:19,carboxylic_acid:carboxylic_acid:carboxylic_acid:carboxylic_acid:amine_primary:amine_primary,"N,N-[N'',N''''-Di(L-5-glutamyl)-L-cystinyl]di(glycine) (Oxidized glutathione) (Glutathione disulfide)",21:28:35:38:0:19,carboxylic_acid:carboxylic_acid:carboxylic_acid:carboxylic_acid:amine_primary:amine_primary,21(carboxylic_acid) > 28(carboxylic_acid) > 35(carboxylic_acid) > 38(carboxylic_acid) > 0(amine_primary) > 19(amine_primary)
N[C@@H](CCC(=O)N[C@@H](CSSC[C@H](NC(=O)CC[C@H](N)C(O)=O)C(=O)NCC(O)=O)C(=O)NCC(O)=O)C(O)=O,2.64,21:28:35:38:0:19,carboxylic_acid:carboxylic_acid:carboxylic_acid:carboxylic_acid:amine_primary:amine_primary,"N,N-[N'',N''''-Di(L-5-glutamyl)-L-cystinyl]di(glycine) (Oxidized glutathione) (Glutathione disulfide)",21:28:35:38:0:19,carboxylic_acid:carboxylic_acid:carboxylic_acid:carboxylic_acid:amine_primary:amine_primary,21(carboxylic_acid) > 28(carboxylic_acid) > 35(carboxylic_acid) > 38(carboxylic_acid) > 0(amine_primary) > 19(amine_primary)
N[C@@H](CCC(=O)N[C@@H](CSSC[C@H](NC(=O)CC[C@H](N)C(O)=O)C(=O)NCC(O)=O)C(=O)NCC(O)=O)C(O)=O,1.5,21:28:35:38:0:19,carboxylic_acid:carboxylic_acid:carboxylic_acid:carboxylic_acid:amine_primary:amine_primary,"N,N-[N'',N''''-Di(L-5-glutamyl)-L-cystinyl]di(glycine) (Oxidized glutathione) (Glutathione disulfide)",21:28:35:38:0:19,carboxylic_acid:carboxylic_acid:carboxylic_acid:carboxylic_acid:amine_primary:amine_primary,21(carboxylic_acid) > 28(carboxylic_acid) > 35(carboxylic_acid) > 38(carboxylic_acid) > 0(amine_primary) > 19(amine_primary)
N[C@@H](CCC(=O)N[C@@H](CSSC[C@H](NC(=O)CC[C@H](N)C(O)=O)C(=O)NCC(O)=O)C(=O)NCC(O)=O)C(O)=O,1.8,21:28:35:38:0:19,carboxylic_acid:carboxylic_acid:carboxylic_acid:carboxylic_acid:amine_primary:amine_primary,"N,N-[N'',N''''-Di(L-5-glutamyl)-L-cystinyl]di(glycine) (Oxidized glutathione) (Glutathione disulfide)",21:28:35:38:0:19,carboxylic_acid:carboxylic_acid:carboxylic_acid:carboxylic_acid:amine_primary:amine_primary,21(carboxylic_acid) > 28(carboxylic_acid) > 35(carboxylic_acid) > 38(carboxylic_acid) > 0(amine_primary) > 19(amine_primary)
CC(C)CC(NC(=O)[C@H](Cc1ccccc1)NC(=O)[C@H](CC(O)=O)NC(=O)CNC(=O)[C@H](CCC(O)=O)NC(=O)CNC(=O)[C@H](CO)NC(=O)[C@H](CC(O)=O)NC(=O)[C@H](C)N)C(=O)N[C@@H](C)C(=O)N[C@@H](CCC(O)=O)C(=O)NCC(=O)NCC(=O)NCC(=O)N[C@@H](C(C)C)C(=O)N[C@@H](CCCNC(N)=N)C(O)=O,8.4,22:35:53:73:106:60,carboxylic_acid:carboxylic_acid:carboxylic_acid:carboxylic_acid:carboxylic_acid:amine_primary,L-Alanyl-L-aspartyl-L-serylglycyl-L-glutamylglycyl-L-aspartyl-L-phenylalanyl-L-leucyl-L-alanyl-L-glutamylglycylglycylglycyl-L-valyl-L-arginine (fibrinopeptide A),22:35:53:73:106:60,carboxylic_acid:carboxylic_acid:carboxylic_acid:carboxylic_acid:carboxylic_acid:amine_primary,22(carboxylic_acid) > 35(carboxylic_acid) > 53(carboxylic_acid) > 73(carboxylic_acid) > 106(carboxylic_acid) > 60(amine_primary)
CC(C)CC(NC(=O)[C@H](Cc1ccccc1)NC(=O)[C@H](CC(O)=O)NC(=O)CNC(=O)[C@H](CCC(O)=O)NC(=O)CNC(=O)[C@H](CO)NC(=O)[C@H](CC(O)=O)NC(=O)[C@H](C)N)C(=O)N[C@@H](C)C(=O)N[C@@H](CCC(O)=O)C(=O)NCC(=O)NCC(=O)NCC(=O)N[C@@H](C(C)C)C(=O)N[C@@H](CCCNC(N)=N)C(O)=O,5.03,22:35:53:73:106:60,carboxylic_acid:carboxylic_acid:carboxylic_acid:carboxylic_acid:carboxylic_acid:amine_primary,L-Alanyl-L-aspartyl-L-serylglycyl-L-glutamylglycyl-L-aspartyl-L-phenylalanyl-L-leucyl-L-alanyl-L-glutamylglycylglycylglycyl-L-valyl-L-arginine (fibrinopeptide A),22:35:53:73:106:60,carboxylic_acid:carboxylic_acid:carboxylic_acid:carboxylic_acid:carboxylic_acid:amine_primary,22(carboxylic_acid) > 35(carboxylic_acid) > 53(carboxylic_acid) > 73(carboxylic_acid) > 106(carboxylic_acid) > 60(amine_primary)
CC(C)CC(NC(=O)[C@H](Cc1ccccc1)NC(=O)[C@H](CC(O)=O)NC(=O)CNC(=O)[C@H](CCC(O)=O)NC(=O)CNC(=O)[C@H](CO)NC(=O)[C@H](CC(O)=O)NC(=O)[C@H](C)N)C(=O)N[C@@H](C)C(=O)N[C@@H](CCC(O)=O)C(=O)NCC(=O)NCC(=O)NCC(=O)N[C@@H](C(C)C)C(=O)N[C@@H](CCCNC(N)=N)C(O)=O,4.31,22:35:53:73:106:60,carboxylic_acid:carboxylic_acid:carboxylic_acid:carboxylic_acid:carboxylic_acid:amine_primary,L-Alanyl-L-aspartyl-L-serylglycyl-L-glutamylglycyl-L-aspartyl-L-phenylalanyl-L-leucyl-L-alanyl-L-glutamylglycylglycylglycyl-L-valyl-L-arginine (fibrinopeptide A),22:35:53:73:106:60,carboxylic_acid:carboxylic_acid:carboxylic_acid:carboxylic_acid:carboxylic_acid:amine_primary,22(carboxylic_acid) > 35(carboxylic_acid) > 53(carboxylic_acid) > 73(carboxylic_acid) > 106(carboxylic_acid) > 60(amine_primary)
CC(C)CC(NC(=O)[C@H](Cc1ccccc1)NC(=O)[C@H](CC(O)=O)NC(=O)CNC(=O)[C@H](CCC(O)=O)NC(=O)CNC(=O)[C@H](CO)NC(=O)[C@H](CC(O)=O)NC(=O)[C@H](C)N)C(=O)N[C@@H](C)C(=O)N[C@@H](CCC(O)=O)C(=O)NCC(=O)NCC(=O)NCC(=O)N[C@@H](C(C)C)C(=O)N[C@@H](CCCNC(N)=N)C(O)=O,3.62,22:35:53:73:106:60,carboxylic_acid:carboxylic_acid:carboxylic_acid:carboxylic_acid:carboxylic_acid:amine_primary,L-Alanyl-L-aspartyl-L-serylglycyl-L-glutamylglycyl-L-aspartyl-L-phenylalanyl-L-leucyl-L-alanyl-L-glutamylglycylglycylglycyl-L-valyl-L-arginine (fibrinopeptide A),22:35:53:73:106:60,carboxylic_acid:carboxylic_acid:carboxylic_acid:carboxylic_acid:carboxylic_acid:amine_primary,22(carboxylic_acid) > 35(carboxylic_acid) > 53(carboxylic_acid) > 73(carboxylic_acid) > 106(carboxylic_acid) > 60(amine_primary)
CC(C)CC(NC(=O)[C@H](Cc1ccccc1)NC(=O)[C@H](CC(O)=O)NC(=O)CNC(=O)[C@H](CCC(O)=O)NC(=O)CNC(=O)[C@H](CO)NC(=O)[C@H](CC(O)=O)NC(=O)[C@H](C)N)C(=O)N[C@@H](C)C(=O)N[C@@H](CCC(O)=O)C(=O)NCC(=O)NCC(=O)NCC(=O)N[C@@H](C(C)C)C(=O)N[C@@H](CCCNC(N)=N)C(O)=O,3.5,22:35:53:73:106:60,carboxylic_acid:carboxylic_acid:carboxylic_acid:carboxylic_acid:carboxylic_acid:amine_primary,L-Alanyl-L-aspartyl-L-serylglycyl-L-glutamylglycyl-L-aspartyl-L-phenylalanyl-L-leucyl-L-alanyl-L-glutamylglycylglycylglycyl-L-valyl-L-arginine (fibrinopeptide A),22:35:53:73:106:60,carboxylic_acid:carboxylic_acid:carboxylic_acid:carboxylic_acid:carboxylic_acid:amine_primary,22(carboxylic_acid) > 35(carboxylic_acid) > 53(carboxylic_acid) > 73(carboxylic_acid) > 106(carboxylic_acid) > 60(amine_primary)
CC(C)CC(NC(=O)[C@H](Cc1ccccc1)NC(=O)[C@H](CC(O)=O)NC(=O)CNC(=O)[C@H](CCC(O)=O)NC(=O)CNC(=O)[C@H](CO)NC(=O)[C@H](CC(O)=O)NC(=O)[C@H](C)N)C(=O)N[C@@H](C)C(=O)N[C@@H](CCC(O)=O)C(=O)NCC(=O)NCC(=O)NCC(=O)N[C@@H](C(C)C)C(=O)N[C@@H](CCCNC(N)=N)C(O)=O,2.6,22:35:53:73:106:60,carboxylic_acid:carboxylic_acid:carboxylic_acid:carboxylic_acid:carboxylic_acid:amine_primary,L-Alanyl-L-aspartyl-L-serylglycyl-L-glutamylglycyl-L-aspartyl-L-phenylalanyl-L-leucyl-L-alanyl-L-glutamylglycylglycylglycyl-L-valyl-L-arginine (fibrinopeptide A),22:35:53:73:106:60,carboxylic_acid:carboxylic_acid:carboxylic_acid:carboxylic_acid:carboxylic_acid:amine_primary,22(carboxylic_acid) > 35(carboxylic_acid) > 53(carboxylic_acid) > 73(carboxylic_acid) > 106(carboxylic_acid) > 60(amine_primary)
C1CCNCCNCCNCCCCNCCNCCNC1,10.64,3:6:9:14:17:20,amine_secondary:amine_secondary:amine_secondary:amine_secondary:amine_secondary:amine_secondary,"1,4,7,12,15,18-Hexaazacyclodocosane",3:6:9:14:17:20,amine_secondary:amine_secondary:amine_secondary:amine_secondary:amine_secondary:amine_secondary,3(amine_secondary) > 6(amine_secondary) > 9(amine_secondary) > 14(amine_secondary) > 17(amine_secondary) > 20(amine_secondary)
C1CCNCCNCCNCCCCNCCNCCNC1,10.12,3:6:9:14:17:20,amine_secondary:amine_secondary:amine_secondary:amine_secondary:amine_secondary:amine_secondary,"1,4,7,12,15,18-Hexaazacyclodocosane",3:6:9:14:17:20,amine_secondary:amine_secondary:amine_secondary:amine_secondary:amine_secondary:amine_secondary,3(amine_secondary) > 6(amine_secondary) > 9(amine_secondary) > 14(amine_secondary) > 17(amine_secondary) > 20(amine_secondary)
C1CCNCCNCCNCCCCNCCNCCNC1,9.37,3:6:9:14:17:20,amine_secondary:amine_secondary:amine_secondary:amine_secondary:amine_secondary:amine_secondary,"1,4,7,12,15,18-Hexaazacyclodocosane",3:6:9:14:17:20,amine_secondary:amine_secondary:amine_secondary:amine_secondary:amine_secondary:amine_secondary,3(amine_secondary) > 6(amine_secondary) > 9(amine_secondary) > 14(amine_secondary) > 17(amine_secondary) > 20(amine_secondary)
C1CCNCCNCCNCCCCNCCNCCNC1,8.86,3:6:9:14:17:20,amine_secondary:amine_secondary:amine_secondary:amine_secondary:amine_secondary:amine_secondary,"1,4,7,12,15,18-Hexaazacyclodocosane",3:6:9:14:17:20,amine_secondary:amine_secondary:amine_secondary:amine_secondary:amine_secondary:amine_secondary,3(amine_secondary) > 6(amine_secondary) > 9(amine_secondary) > 14(amine_secondary) > 17(amine_secondary) > 20(amine_secondary)
C1CCNCCNCCNCCCCNCCNCCNC1,3.44,3:6:9:14:17:20,amine_secondary:amine_secondary:amine_secondary:amine_secondary:amine_secondary:amine_secondary,"1,4,7,12,15,18-Hexaazacyclodocosane",3:6:9:14:17:20,amine_secondary:amine_secondary:amine_secondary:amine_secondary:amine_secondary:amine_secondary,3(amine_secondary) > 6(amine_secondary) > 9(amine_secondary) > 14(amine_secondary) > 17(amine_secondary) > 20(amine_secondary)
C1CCNCCNCCNCCCCNCCNCCNC1,3.42,3:6:9:14:17:20,amine_secondary:amine_secondary:amine_secondary:amine_secondary:amine_secondary:amine_secondary,"1,4,7,12,15,18-Hexaazacyclodocosane",3:6:9:14:17:20,amine_secondary:amine_secondary:amine_secondary:amine_secondary:amine_secondary:amine_secondary,3(amine_secondary) > 6(amine_secondary) > 9(amine_secondary) > 14(amine_secondary) > 17(amine_secondary) > 20(amine_secondary)
C1CNCCCNCCCNCCCNCCCNCCCNC1,10.48,2:6:10:14:18:22,amine_secondary:amine_secondary:amine_secondary:amine_secondary:amine_secondary:amine_secondary,"1,5,9,13,17,21-Hexaazacyclotetracosane",2:6:10:14:18:22,amine_secondary:amine_secondary:amine_secondary:amine_secondary:amine_secondary:amine_secondary,2(amine_secondary) > 6(amine_secondary) > 10(amine_secondary) > 14(amine_secondary) > 18(amine_secondary) > 22(amine_secondary)
C1CNCCCNCCCNCCCNCCCNCCCNC1,10.96,2:6:10:14:18:22,amine_secondary:amine_secondary:amine_secondary:amine_secondary:amine_secondary:amine_secondary,"1,5,9,13,17,21-Hexaazacyclotetracosane",2:6:10:14:18:22,amine_secondary:amine_secondary:amine_secondary:amine_secondary:amine_secondary:amine_secondary,2(amine_secondary) > 6(amine_secondary) > 10(amine_secondary) > 14(amine_secondary) > 18(amine_secondary) > 22(amine_secondary)
C1CNCCCNCCCNCCCNCCCNCCCNC1,10.28,2:6:10:14:18:22,amine_secondary:amine_secondary:amine_secondary:amine_secondary:amine_secondary:amine_secondary,"1,5,9,13,17,21-Hexaazacyclotetracosane",2:6:10:14:18:22,amine_secondary:amine_secondary:amine_secondary:amine_secondary:amine_secondary:amine_secondary,2(amine_secondary) > 6(amine_secondary) > 10(amine_secondary) > 14(amine_secondary) > 18(amine_secondary) > 22(amine_secondary)
C1CNCCCNCCCNCCCNCCCNCCCNC1,10.32,2:6:10:14:18:22,amine_secondary:amine_secondary:amine_secondary:amine_secondary:amine_secondary:amine_secondary,"1,5,9,13,17,21-Hexaazacyclotetracosane",2:6:10:14:18:22,amine_secondary:amine_secondary:amine_secondary:amine_secondary:amine_secondary:amine_secondary,2(amine_secondary) > 6(amine_secondary) > 10(amine_secondary) > 14(amine_secondary) > 18(amine_secondary) > 22(amine_secondary)
C1CNCCCNCCCNCCCNCCCNCCCNC1,9.15,2:6:10:14:18:22,amine_secondary:amine_secondary:amine_secondary:amine_secondary:amine_secondary:amine_secondary,"1,5,9,13,17,21-Hexaazacyclotetracosane",2:6:10:14:18:22,amine_secondary:amine_secondary:amine_secondary:amine_secondary:amine_secondary:amine_secondary,2(amine_secondary) > 6(amine_secondary) > 10(amine_secondary) > 14(amine_secondary) > 18(amine_secondary) > 22(amine_secondary)
C1CNCCCNCCCNCCCNCCCNCCCNC1,9.61,2:6:10:14:18:22,amine_secondary:amine_secondary:amine_secondary:amine_secondary:amine_secondary:amine_secondary,"1,5,9,13,17,21-Hexaazacyclotetracosane",2:6:10:14:18:22,amine_secondary:amine_secondary:amine_secondary:amine_secondary:amine_secondary:amine_secondary,2(amine_secondary) > 6(amine_secondary) > 10(amine_secondary) > 14(amine_secondary) > 18(amine_secondary) > 22(amine_secondary)
C1CNCCCNCCCNCCCNCCCNCCCNC1,7.95,2:6:10:14:18:22,amine_secondary:amine_secondary:amine_secondary:amine_secondary:amine_secondary:amine_secondary,"1,5,9,13,17,21-Hexaazacyclotetracosane",2:6:10:14:18:22,amine_secondary:amine_secondary:amine_secondary:amine_secondary:amine_secondary:amine_secondary,2(amine_secondary) > 6(amine_secondary) > 10(amine_secondary) > 14(amine_secondary) > 18(amine_secondary) > 22(amine_secondary)
C1CNCCCNCCCNCCCNCCCNCCCNC1,8.16,2:6:10:14:18:22,amine_secondary:amine_secondary:amine_secondary:amine_secondary:amine_secondary:amine_secondary,"1,5,9,13,17,21-Hexaazacyclotetracosane",2:6:10:14:18:22,amine_secondary:amine_secondary:amine_secondary:amine_secondary:amine_secondary:amine_secondary,2(amine_secondary) > 6(amine_secondary) > 10(amine_secondary) > 14(amine_secondary) > 18(amine_secondary) > 22(amine_secondary)
C1CNCCCNCCCNCCCNCCCNCCCNC1,7.1,2:6:10:14:18:22,amine_secondary:amine_secondary:amine_secondary:amine_secondary:amine_secondary:amine_secondary,"1,5,9,13,17,21-Hexaazacyclotetracosane",2:6:10:14:18:22,amine_secondary:amine_secondary:amine_secondary:amine_secondary:amine_secondary:amine_secondary,2(amine_secondary) > 6(amine_secondary) > 10(amine_secondary) > 14(amine_secondary) > 18(amine_secondary) > 22(amine_secondary)
C1CNCCCNCCCNCCCNCCCNCCCNC1,7.74,2:6:10:14:18:22,amine_secondary:amine_secondary:amine_secondary:amine_secondary:amine_secondary:amine_secondary,"1,5,9,13,17,21-Hexaazacyclotetracosane",2:6:10:14:18:22,amine_secondary:amine_secondary:amine_secondary:amine_secondary:amine_secondary:amine_secondary,2(amine_secondary) > 6(amine_secondary) > 10(amine_secondary) > 14(amine_secondary) > 18(amine_secondary) > 22(amine_secondary)
C1CNCCCNCCCNCCCNCCCNCCCNC1,6.5,2:6:10:14:18:22,amine_secondary:amine_secondary:amine_secondary:amine_secondary:amine_secondary:amine_secondary,"1,5,9,13,17,21-Hexaazacyclotetracosane",2:6:10:14:18:22,amine_secondary:amine_secondary:amine_secondary:amine_secondary:amine_secondary:amine_secondary,2(amine_secondary) > 6(amine_secondary) > 10(amine_secondary) > 14(amine_secondary) > 18(amine_secondary) > 22(amine_secondary)
C1CNCCCNCCCNCCCNCCCNCCCNC1,7.05,2:6:10:14:18:22,amine_secondary:amine_secondary:amine_secondary:amine_secondary:amine_secondary:amine_secondary,"1,5,9,13,17,21-Hexaazacyclotetracosane",2:6:10:14:18:22,amine_secondary:amine_secondary:amine_secondary:amine_secondary:amine_secondary:amine_secondary,2(amine_secondary) > 6(amine_secondary) > 10(amine_secondary) > 14(amine_secondary) > 18(amine_secondary) > 22(amine_secondary)
C1CCCNCCNCCNCCCCCCNCCNCCNCC1,10.73,4:7:10:17:20:23,amine_secondary:amine_secondary:amine_secondary:amine_secondary:amine_secondary:amine_secondary,"1,4,7,14,17,20-Hexaazacyclohexacosane",4:7:10:17:20:23,amine_secondary:amine_secondary:amine_secondary:amine_secondary:amine_secondary:amine_secondary,4(amine_secondary) > 7(amine_secondary) > 10(amine_secondary) > 17(amine_secondary) > 20(amine_secondary) > 23(amine_secondary)
C1CCCNCCNCCNCCCCCCNCCNCCNCC1,10.31,4:7:10:17:20:23,amine_secondary:amine_secondary:amine_secondary:amine_secondary:amine_secondary:amine_secondary,"1,4,7,14,17,20-Hexaazacyclohexacosane",4:7:10:17:20:23,amine_secondary:amine_secondary:amine_secondary:amine_secondary:amine_secondary:amine_secondary,4(amine_secondary) > 7(amine_secondary) > 10(amine_secondary) > 17(amine_secondary) > 20(amine_secondary) > 23(amine_secondary)
C1CCCNCCNCCNCCCCCCNCCNCCNCC1,9.93,4:7:10:17:20:23,amine_secondary:amine_secondary:amine_secondary:amine_secondary:amine_secondary:amine_secondary,"1,4,7,14,17,20-Hexaazacyclohexacosane",4:7:10:17:20:23,amine_secondary:amine_secondary:amine_secondary:amine_secondary:amine_secondary:amine_secondary,4(amine_secondary) > 7(amine_secondary) > 10(amine_secondary) > 17(amine_secondary) > 20(amine_secondary) > 23(amine_secondary)
C1CCCNCCNCCNCCCCCCNCCNCCNCC1,9.47,4:7:10:17:20:23,amine_secondary:amine_secondary:amine_secondary:amine_secondary:amine_secondary:amine_secondary,"1,4,7,14,17,20-Hexaazacyclohexacosane",4:7:10:17:20:23,amine_secondary:amine_secondary:amine_secondary:amine_secondary:amine_secondary:amine_secondary,4(amine_secondary) > 7(amine_secondary) > 10(amine_secondary) > 17(amine_secondary) > 20(amine_secondary) > 23(amine_secondary)
C1CCCNCCNCCNCCCCCCNCCNCCNCC1,3.82,4:7:10:17:20:23,amine_secondary:amine_secondary:amine_secondary:amine_secondary:amine_secondary:amine_secondary,"1,4,7,14,17,20-Hexaazacyclohexacosane",4:7:10:17:20:23,amine_secondary:amine_secondary:amine_secondary:amine_secondary:amine_secondary:amine_secondary,4(amine_secondary) > 7(amine_secondary) > 10(amine_secondary) > 17(amine_secondary) > 20(amine_secondary) > 23(amine_secondary)
C1CCCNCCNCCNCCCCCCNCCNCCNCC1,3.57,4:7:10:17:20:23,amine_secondary:amine_secondary:amine_secondary:amine_secondary:amine_secondary:amine_secondary,"1,4,7,14,17,20-Hexaazacyclohexacosane",4:7:10:17:20:23,amine_secondary:amine_secondary:amine_secondary:amine_secondary:amine_secondary:amine_secondary,4(amine_secondary) > 7(amine_secondary) > 10(amine_secondary) > 17(amine_secondary) > 20(amine_secondary) > 23(amine_secondary)
C1CCCCNCCNCCNCCCCCCCCCNCCNCCNCCCC1,9.6,5:8:11:21:24:27,amine_secondary:amine_secondary:amine_secondary:amine_secondary:amine_secondary:amine_secondary,"1,4,7,17,20,23-Hexaazacyclodotriacontane",5:8:11:21:24:27,amine_secondary:amine_secondary:amine_secondary:amine_secondary:amine_secondary:amine_secondary,5(amine_secondary) > 8(amine_secondary) > 11(amine_secondary) > 21(amine_secondary) > 24(amine_secondary) > 27(amine_secondary)
C1CCCCNCCNCCNCCCCCCCCCNCCNCCNCCCC1,9.25,5:8:11:21:24:27,amine_secondary:amine_secondary:amine_secondary:amine_secondary:amine_secondary:amine_secondary,"1,4,7,17,20,23-Hexaazacyclodotriacontane",5:8:11:21:24:27,amine_secondary:amine_secondary:amine_secondary:amine_secondary:amine_secondary:amine_secondary,5(amine_secondary) > 8(amine_secondary) > 11(amine_secondary) > 21(amine_secondary) > 24(amine_secondary) > 27(amine_secondary)
C1CCCCNCCNCCNCCCCCCCCCNCCNCCNCCCC1,4.15,5:8:11:21:24:27,amine_secondary:amine_secondary:amine_secondary:amine_secondary:amine_secondary:amine_secondary,"1,4,7,17,20,23-Hexaazacyclodotriacontane",5:8:11:21:24:27,amine_secondary:amine_secondary:amine_secondary:amine_secondary:amine_secondary:amine_secondary,5(amine_secondary) > 8(amine_secondary) > 11(amine_secondary) > 21(amine_secondary) > 24(amine_secondary) > 27(amine_secondary)
C1CCCCNCCNCCNCCCCCCCCCNCCNCCNCCCC1,3.55,5:8:11:21:24:27,amine_secondary:amine_secondary:amine_secondary:amine_secondary:amine_secondary:amine_secondary,"1,4,7,17,20,23-Hexaazacyclodotriacontane",5:8:11:21:24:27,amine_secondary:amine_secondary:amine_secondary:amine_secondary:amine_secondary:amine_secondary,5(amine_secondary) > 8(amine_secondary) > 11(amine_secondary) > 21(amine_secondary) > 24(amine_secondary) > 27(amine_secondary)
C1CCCNCCCNCCCNCCCCCCCNCCCNCCCNCCC1,10.9,4:8:12:20:24:28,amine_secondary:amine_secondary:amine_secondary:amine_secondary:amine_secondary:amine_secondary,"1,5,9,17,21,25-Hexaazacyclodotriacontane",4:8:12:20:24:28,amine_secondary:amine_secondary:amine_secondary:amine_secondary:amine_secondary:amine_secondary,4(amine_secondary) > 8(amine_secondary) > 12(amine_secondary) > 20(amine_secondary) > 24(amine_secondary) > 28(amine_secondary)
C1CCCNCCCNCCCNCCCCCCCNCCCNCCCNCCC1,10.7,4:8:12:20:24:28,amine_secondary:amine_secondary:amine_secondary:amine_secondary:amine_secondary:amine_secondary,"1,5,9,17,21,25-Hexaazacyclodotriacontane",4:8:12:20:24:28,amine_secondary:amine_secondary:amine_secondary:amine_secondary:amine_secondary:amine_secondary,4(amine_secondary) > 8(amine_secondary) > 12(amine_secondary) > 20(amine_secondary) > 24(amine_secondary) > 28(amine_secondary)
C1CCCNCCCNCCCNCCCCCCCNCCCNCCCNCCC1,9.85,4:8:12:20:24:28,amine_secondary:amine_secondary:amine_secondary:amine_secondary:amine_secondary:amine_secondary,"1,5,9,17,21,25-Hexaazacyclodotriacontane",4:8:12:20:24:28,amine_secondary:amine_secondary:amine_secondary:amine_secondary:amine_secondary:amine_secondary,4(amine_secondary) > 8(amine_secondary) > 12(amine_secondary) > 20(amine_secondary) > 24(amine_secondary) > 28(amine_secondary)
C1CCCNCCCNCCCNCCCCCCCNCCCNCCCNCCC1,9.6,4:8:12:20:24:28,amine_secondary:amine_secondary:amine_secondary:amine_secondary:amine_secondary:amine_secondary,"1,5,9,17,21,25-Hexaazacyclodotriacontane",4:8:12:20:24:28,amine_secondary:amine_secondary:amine_secondary:amine_secondary:amine_secondary:amine_secondary,4(amine_secondary) > 8(amine_secondary) > 12(amine_secondary) > 20(amine_secondary) > 24(amine_secondary) > 28(amine_secondary)
C1CCCNCCCNCCCNCCCCCCCNCCCNCCCNCCC1,7.9,4:8:12:20:24:28,amine_secondary:amine_secondary:amine_secondary:amine_secondary:amine_secondary:amine_secondary,"1,5,9,17,21,25-Hexaazacyclodotriacontane",4:8:12:20:24:28,amine_secondary:amine_secondary:amine_secondary:amine_secondary:amine_secondary:amine_secondary,4(amine_secondary) > 8(amine_secondary) > 12(amine_secondary) > 20(amine_secondary) > 24(amine_secondary) > 28(amine_secondary)
C1CCCNCCCNCCCNCCCCCCCNCCCNCCCNCCC1,7.3,4:8:12:20:24:28,amine_secondary:amine_secondary:amine_secondary:amine_secondary:amine_secondary:amine_secondary,"1,5,9,17,21,25-Hexaazacyclodotriacontane",4:8:12:20:24:28,amine_secondary:amine_secondary:amine_secondary:amine_secondary:amine_secondary:amine_secondary,4(amine_secondary) > 8(amine_secondary) > 12(amine_secondary) > 20(amine_secondary) > 24(amine_secondary) > 28(amine_secondary)
C1CCCCCNCCCNCCCNCCCCCCCCCCNCCCNCCCNCCCC1,10.3,6:10:14:25:29:33,amine_secondary:amine_secondary:amine_secondary:amine_secondary:amine_secondary:amine_secondary,"1,5,9,20,24,28-Hexaazacyclooctatriacontane",6:10:14:25:29:33,amine_secondary:amine_secondary:amine_secondary:amine_secondary:amine_secondary:amine_secondary,6(amine_secondary) > 10(amine_secondary) > 14(amine_secondary) > 25(amine_secondary) > 29(amine_secondary) > 33(amine_secondary)
C1CCCCCNCCCNCCCNCCCCCCCCCCNCCCNCCCNCCCC1,10.1,6:10:14:25:29:33,amine_secondary:amine_secondary:amine_secondary:amine_secondary:amine_secondary:amine_secondary,"1,5,9,20,24,28-Hexaazacyclooctatriacontane",6:10:14:25:29:33,amine_secondary:amine_secondary:amine_secondary:amine_secondary:amine_secondary:amine_secondary,6(amine_secondary) > 10(amine_secondary) > 14(amine_secondary) > 25(amine_secondary) > 29(amine_secondary) > 33(amine_secondary)
C1CCCCCNCCCNCCCNCCCCCCCCCCNCCCNCCCNCCCC1,9.6,6:10:14:25:29:33,amine_secondary:amine_secondary:amine_secondary:amine_secondary:amine_secondary:amine_secondary,"1,5,9,20,24,28-Hexaazacyclooctatriacontane",6:10:14:25:29:33,amine_secondary:amine_secondary:amine_secondary:amine_secondary:amine_secondary:amine_secondary,6(amine_secondary) > 10(amine_secondary) > 14(amine_secondary) > 25(amine_secondary) > 29(amine_secondary) > 33(amine_secondary)
C1CCCCCNCCCNCCCNCCCCCCCCCCNCCCNCCCNCCCC1,7.95,6:10:14:25:29:33,amine_secondary:amine_secondary:amine_secondary:amine_secondary:amine_secondary:amine_secondary,"1,5,9,20,24,28-Hexaazacyclooctatriacontane",6:10:14:25:29:33,amine_secondary:amine_secondary:amine_secondary:amine_secondary:amine_secondary:amine_secondary,6(amine_secondary) > 10(amine_secondary) > 14(amine_secondary) > 25(amine_secondary) > 29(amine_secondary) > 33(amine_secondary)
C1CCCCCNCCCNCCCNCCCCCCCCCCNCCCNCCCNCCCC1,7.3,6:10:14:25:29:33,amine_secondary:amine_secondary:amine_secondary:amine_secondary:amine_secondary:amine_secondary,"1,5,9,20,24,28-Hexaazacyclooctatriacontane",6:10:14:25:29:33,amine_secondary:amine_secondary:amine_secondary:amine_secondary:amine_secondary:amine_secondary,6(amine_secondary) > 10(amine_secondary) > 14(amine_secondary) > 25(amine_secondary) > 29(amine_secondary) > 33(amine_secondary)
OC(=O)c1c(C(O)=O)c(C(O)=O)c(C(O)=O)c(C(O)=O)c1C(O)=O,6.46,0:6:10:14:18:22,carboxylic_acid:carboxylic_acid:carboxylic_acid:carboxylic_acid:carboxylic_acid:carboxylic_acid,Benzenehexacarboxylic acid (Mellitic acid),0:6:10:14:18:22,carboxylic_acid:carboxylic_acid:carboxylic_acid:carboxylic_acid:carboxylic_acid:carboxylic_acid,0(carboxylic_acid) > 6(carboxylic_acid) > 10(carboxylic_acid) > 14(carboxylic_acid) > 18(carboxylic_acid) > 22(carboxylic_acid)
OC(=O)c1c(C(O)=O)c(C(O)=O)c(C(O)=O)c(C(O)=O)c1C(O)=O,5.38,0:6:10:14:18:22,carboxylic_acid:carboxylic_acid:carboxylic_acid:carboxylic_acid:carboxylic_acid:carboxylic_acid,Benzenehexacarboxylic acid (Mellitic acid),0:6:10:14:18:22,carboxylic_acid:carboxylic_acid:carboxylic_acid:carboxylic_acid:carboxylic_acid:carboxylic_acid,0(carboxylic_acid) > 6(carboxylic_acid) > 10(carboxylic_acid) > 14(carboxylic_acid) > 18(carboxylic_acid) > 22(carboxylic_acid)
OC(=O)c1c(C(O)=O)c(C(O)=O)c(C(O)=O)c(C(O)=O)c1C(O)=O,7.7,0:6:10:14:18:22,carboxylic_acid:carboxylic_acid:carboxylic_acid:carboxylic_acid:carboxylic_acid:carboxylic_acid,Benzenehexacarboxylic acid (Mellitic acid),0:6:10:14:18:22,carboxylic_acid:carboxylic_acid:carboxylic_acid:carboxylic_acid:carboxylic_acid:carboxylic_acid,0(carboxylic_acid) > 6(carboxylic_acid) > 10(carboxylic_acid) > 14(carboxylic_acid) > 18(carboxylic_acid) > 22(carboxylic_acid)
OC(=O)c1c(C(O)=O)c(C(O)=O)c(C(O)=O)c(C(O)=O)c1C(O)=O,5.37,0:6:10:14:18:22,carboxylic_acid:carboxylic_acid:carboxylic_acid:carboxylic_acid:carboxylic_acid:carboxylic_acid,Benzenehexacarboxylic acid (Mellitic acid),0:6:10:14:18:22,carboxylic_acid:carboxylic_acid:carboxylic_acid:carboxylic_acid:carboxylic_acid:carboxylic_acid,0(carboxylic_acid) > 6(carboxylic_acid) > 10(carboxylic_acid) > 14(carboxylic_acid) > 18(carboxylic_acid) > 22(carboxylic_acid)
OC(=O)c1c(C(O)=O)c(C(O)=O)c(C(O)=O)c(C(O)=O)c1C(O)=O,4.43,0:6:10:14:18:22,carboxylic_acid:carboxylic_acid:carboxylic_acid:carboxylic_acid:carboxylic_acid:carboxylic_acid,Benzenehexacarboxylic acid (Mellitic acid),0:6:10:14:18:22,carboxylic_acid:carboxylic_acid:carboxylic_acid:carboxylic_acid:carboxylic_acid:carboxylic_acid,0(carboxylic_acid) > 6(carboxylic_acid) > 10(carboxylic_acid) > 14(carboxylic_acid) > 18(carboxylic_acid) > 22(carboxylic_acid)
OC(=O)c1c(C(O)=O)c(C(O)=O)c(C(O)=O)c(C(O)=O)c1C(O)=O,6.38,0:6:10:14:18:22,carboxylic_acid:carboxylic_acid:carboxylic_acid:carboxylic_acid:carboxylic_acid:carboxylic_acid,Benzenehexacarboxylic acid (Mellitic acid),0:6:10:14:18:22,carboxylic_acid:carboxylic_acid:carboxylic_acid:carboxylic_acid:carboxylic_acid:carboxylic_acid,0(carboxylic_acid) > 6(carboxylic_acid) > 10(carboxylic_acid) > 14(carboxylic_acid) > 18(carboxylic_acid) > 22(carboxylic_acid)
OC(=O)c1c(C(O)=O)c(C(O)=O)c(C(O)=O)c(C(O)=O)c1C(O)=O,4.31,0:6:10:14:18:22,carboxylic_acid:carboxylic_acid:carboxylic_acid:carboxylic_acid:carboxylic_acid:carboxylic_acid,Benzenehexacarboxylic acid (Mellitic acid),0:6:10:14:18:22,carboxylic_acid:carboxylic_acid:carboxylic_acid:carboxylic_acid:carboxylic_acid:carboxylic_acid,0(carboxylic_acid) > 6(carboxylic_acid) > 10(carboxylic_acid) > 14(carboxylic_acid) > 18(carboxylic_acid) > 22(carboxylic_acid)
OC(=O)c1c(C(O)=O)c(C(O)=O)c(C(O)=O)c(C(O)=O)c1C(O)=O,4.23,0:6:10:14:18:22,carboxylic_acid:carboxylic_acid:carboxylic_acid:carboxylic_acid:carboxylic_acid:carboxylic_acid,Benzenehexacarboxylic acid (Mellitic acid),0:6:10:14:18:22,carboxylic_acid:carboxylic_acid:carboxylic_acid:carboxylic_acid:carboxylic_acid:carboxylic_acid,0(carboxylic_acid) > 6(carboxylic_acid) > 10(carboxylic_acid) > 14(carboxylic_acid) > 18(carboxylic_acid) > 22(carboxylic_acid)
OC(=O)c1c(C(O)=O)c(C(O)=O)c(C(O)=O)c(C(O)=O)c1C(O)=O,5.09,0:6:10:14:18:22,carboxylic_acid:carboxylic_acid:carboxylic_acid:carboxylic_acid:carboxylic_acid:carboxylic_acid,Benzenehexacarboxylic acid (Mellitic acid),0:6:10:14:18:22,carboxylic_acid:carboxylic_acid:carboxylic_acid:carboxylic_acid:carboxylic_acid:carboxylic_acid,0(carboxylic_acid) > 6(carboxylic_acid) > 10(carboxylic_acid) > 14(carboxylic_acid) > 18(carboxylic_acid) > 22(carboxylic_acid)
OC(=O)c1c(C(O)=O)c(C(O)=O)c(C(O)=O)c(C(O)=O)c1C(O)=O,2.93,0:6:10:14:18:22,carboxylic_acid:carboxylic_acid:carboxylic_acid:carboxylic_acid:carboxylic_acid:carboxylic_acid,Benzenehexacarboxylic acid (Mellitic acid),0:6:10:14:18:22,carboxylic_acid:carboxylic_acid:carboxylic_acid:carboxylic_acid:carboxylic_acid:carboxylic_acid,0(carboxylic_acid) > 6(carboxylic_acid) > 10(carboxylic_acid) > 14(carboxylic_acid) > 18(carboxylic_acid) > 22(carboxylic_acid)
OC(=O)c1c(C(O)=O)c(C(O)=O)c(C(O)=O)c(C(O)=O)c1C(O)=O,2.43,0:6:10:14:18:22,carboxylic_acid:carboxylic_acid:carboxylic_acid:carboxylic_acid:carboxylic_acid:carboxylic_acid,Benzenehexacarboxylic acid (Mellitic acid),0:6:10:14:18:22,carboxylic_acid:carboxylic_acid:carboxylic_acid:carboxylic_acid:carboxylic_acid:carboxylic_acid,0(carboxylic_acid) > 6(carboxylic_acid) > 10(carboxylic_acid) > 14(carboxylic_acid) > 18(carboxylic_acid) > 22(carboxylic_acid)
OC(=O)c1c(C(O)=O)c(C(O)=O)c(C(O)=O)c(C(O)=O)c1C(O)=O,3.5,0:6:10:14:18:22,carboxylic_acid:carboxylic_acid:carboxylic_acid:carboxylic_acid:carboxylic_acid:carboxylic_acid,Benzenehexacarboxylic acid (Mellitic acid),0:6:10:14:18:22,carboxylic_acid:carboxylic_acid:carboxylic_acid:carboxylic_acid:carboxylic_acid:carboxylic_acid,0(carboxylic_acid) > 6(carboxylic_acid) > 10(carboxylic_acid) > 14(carboxylic_acid) > 18(carboxylic_acid) > 22(carboxylic_acid)
OC(=O)c1c(C(O)=O)c(C(O)=O)c(C(O)=O)c(C(O)=O)c1C(O)=O,1.7,0:6:10:14:18:22,carboxylic_acid:carboxylic_acid:carboxylic_acid:carboxylic_acid:carboxylic_acid:carboxylic_acid,Benzenehexacarboxylic acid (Mellitic acid),0:6:10:14:18:22,carboxylic_acid:carboxylic_acid:carboxylic_acid:carboxylic_acid:carboxylic_acid:carboxylic_acid,0(carboxylic_acid) > 6(carboxylic_acid) > 10(carboxylic_acid) > 14(carboxylic_acid) > 18(carboxylic_acid) > 22(carboxylic_acid)
OC(=O)c1c(C(O)=O)c(C(O)=O)c(C(O)=O)c(C(O)=O)c1C(O)=O,2.08,0:6:10:14:18:22,carboxylic_acid:carboxylic_acid:carboxylic_acid:carboxylic_acid:carboxylic_acid:carboxylic_acid,Benzenehexacarboxylic acid (Mellitic acid),0:6:10:14:18:22,carboxylic_acid:carboxylic_acid:carboxylic_acid:carboxylic_acid:carboxylic_acid:carboxylic_acid,0(carboxylic_acid) > 6(carboxylic_acid) > 10(carboxylic_acid) > 14(carboxylic_acid) > 18(carboxylic_acid) > 22(carboxylic_acid)
OC(=O)c1c(C(O)=O)c(C(O)=O)c(C(O)=O)c(C(O)=O)c1C(O)=O,2.18,0:6:10:14:18:22,carboxylic_acid:carboxylic_acid:carboxylic_acid:carboxylic_acid:carboxylic_acid:carboxylic_acid,Benzenehexacarboxylic acid (Mellitic acid),0:6:10:14:18:22,carboxylic_acid:carboxylic_acid:carboxylic_acid:carboxylic_acid:carboxylic_acid:carboxylic_acid,0(carboxylic_acid) > 6(carboxylic_acid) > 10(carboxylic_acid) > 14(carboxylic_acid) > 18(carboxylic_acid) > 22(carboxylic_acid)
OC(=O)c1c(C(O)=O)c(C(O)=O)c(C(O)=O)c(C(O)=O)c1C(O)=O,0.5,0:6:10:14:18:22,carboxylic_acid:carboxylic_acid:carboxylic_acid:carboxylic_acid:carboxylic_acid:carboxylic_acid,Benzenehexacarboxylic acid (Mellitic acid),0:6:10:14:18:22,carboxylic_acid:carboxylic_acid:carboxylic_acid:carboxylic_acid:carboxylic_acid:carboxylic_acid,0(carboxylic_acid) > 6(carboxylic_acid) > 10(carboxylic_acid) > 14(carboxylic_acid) > 18(carboxylic_acid) > 22(carboxylic_acid)
OC(=O)c1c(C(O)=O)c(C(O)=O)c(C(O)=O)c(C(O)=O)c1C(O)=O,1.1,0:6:10:14:18:22,carboxylic_acid:carboxylic_acid:carboxylic_acid:carboxylic_acid:carboxylic_acid:carboxylic_acid,Benzenehexacarboxylic acid (Mellitic acid),0:6:10:14:18:22,carboxylic_acid:carboxylic_acid:carboxylic_acid:carboxylic_acid:carboxylic_acid:carboxylic_acid,0(carboxylic_acid) > 6(carboxylic_acid) > 10(carboxylic_acid) > 14(carboxylic_acid) > 18(carboxylic_acid) > 22(carboxylic_acid)
OC(=O)c1c(C(O)=O)c(C(O)=O)c(C(O)=O)c(C(O)=O)c1C(O)=O,1.0,0:6:10:14:18:22,carboxylic_acid:carboxylic_acid:carboxylic_acid:carboxylic_acid:carboxylic_acid:carboxylic_acid,Benzenehexacarboxylic acid (Mellitic acid),0:6:10:14:18:22,carboxylic_acid:carboxylic_acid:carboxylic_acid:carboxylic_acid:carboxylic_acid:carboxylic_acid,0(carboxylic_acid) > 6(carboxylic_acid) > 10(carboxylic_acid) > 14(carboxylic_acid) > 18(carboxylic_acid) > 22(carboxylic_acid)
Oc1cccc(C(=O)NCc2cc(CNC(=O)c3cccc(O)c3O)cc(CNC(=O)c4cccc(O)c4O)c2)c1O,8.4,41:0:24:22:38:36,phenol:phenol:phenol:phenol:phenol:phenol,"1,3,5-Tris(2,3-dihydroxybenzoylaminomethyl)benzene (MECAM)",41:0:24:22:38:36,phenol:phenol:phenol:phenol:phenol:phenol,41(phenol) > 0(phenol) > 24(phenol) > 22(phenol) > 38(phenol) > 36(phenol)
Oc1cccc(C(=O)NCc2cc(CNC(=O)c3cccc(O)c3O)cc(CNC(=O)c4cccc(O)c4O)c2)c1O,7.4,41:0:24:22:38:36,phenol:phenol:phenol:phenol:phenol:phenol,"1,3,5-Tris(2,3-dihydroxybenzoylaminomethyl)benzene (MECAM)",41:0:24:22:38:36,phenol:phenol:phenol:phenol:phenol:phenol,41(phenol) > 0(phenol) > 24(phenol) > 22(phenol) > 38(phenol) > 36(phenol)
Oc1cccc(C(=O)NCc2cc(CNC(=O)c3cccc(O)c3O)cc(CNC(=O)c4cccc(O)c4O)c2)c1O,5.9,41:0:24:22:38:36,phenol:phenol:phenol:phenol:phenol:phenol,"1,3,5-Tris(2,3-dihydroxybenzoylaminomethyl)benzene (MECAM)",41:0:24:22:38:36,phenol:phenol:phenol:phenol:phenol:phenol,41(phenol) > 0(phenol) > 24(phenol) > 22(phenol) > 38(phenol) > 36(phenol)
CN(Cc1cc(CN(C)C(=O)c2cc(cc(O)c2O)[S](O)(=O)=O)cc(CN(C)C(=O)c3cc(cc(O)c3O)[S](O)(=O)=O)c1)C(=O)c4cc(cc(O)c4O)[S](O)(=O)=O,8.54,18:16:37:35:52:50,phenol:phenol:phenol:phenol:phenol:phenol,"1,3,5-Tris(N-methyl-2,3-dihydroxy-5-sulfobenzoylaminomethyl)benzene",18:16:37:35:52:50,phenol:phenol:phenol:phenol:phenol:phenol,18(phenol) > 16(phenol) > 37(phenol) > 35(phenol) > 52(phenol) > 50(phenol)
CN(Cc1cc(CN(C)C(=O)c2cc(cc(O)c2O)[S](O)(=O)=O)cc(CN(C)C(=O)c3cc(cc(O)c3O)[S](O)(=O)=O)c1)C(=O)c4cc(cc(O)c4O)[S](O)(=O)=O,7.55,18:16:37:35:52:50,phenol:phenol:phenol:phenol:phenol:phenol,"1,3,5-Tris(N-methyl-2,3-dihydroxy-5-sulfobenzoylaminomethyl)benzene",18:16:37:35:52:50,phenol:phenol:phenol:phenol:phenol:phenol,18(phenol) > 16(phenol) > 37(phenol) > 35(phenol) > 52(phenol) > 50(phenol)
CN(Cc1cc(CN(C)C(=O)c2cc(cc(O)c2O)[S](O)(=O)=O)cc(CN(C)C(=O)c3cc(cc(O)c3O)[S](O)(=O)=O)c1)C(=O)c4cc(cc(O)c4O)[S](O)(=O)=O,6.76,18:16:37:35:52:50,phenol:phenol:phenol:phenol:phenol:phenol,"1,3,5-Tris(N-methyl-2,3-dihydroxy-5-sulfobenzoylaminomethyl)benzene",18:16:37:35:52:50,phenol:phenol:phenol:phenol:phenol:phenol,18(phenol) > 16(phenol) > 37(phenol) > 35(phenol) > 52(phenol) > 50(phenol)
CC(C)N(Cc1cc(CN(C(C)C)C(=O)c2cc(cc(O)c2O)[S](O)(=O)=O)cc(CN(C(C)C)C(=O)c3cc(cc(O)c3O)[S](O)(=O)=O)c1)C(=O)c4cc(cc(O)c4O)[S](O)(=O)=O,8.61,22:20:43:41:58:56,phenol:phenol:phenol:phenol:phenol:phenol,"1,3,5-Tris(N-2-propyl-2,3-dihydroxy-5-sulfobenzoylaminomethyl)benzene",22:20:43:41:58:56,phenol:phenol:phenol:phenol:phenol:phenol,22(phenol) > 20(phenol) > 43(phenol) > 41(phenol) > 58(phenol) > 56(phenol)
CC(C)N(Cc1cc(CN(C(C)C)C(=O)c2cc(cc(O)c2O)[S](O)(=O)=O)cc(CN(C(C)C)C(=O)c3cc(cc(O)c3O)[S](O)(=O)=O)c1)C(=O)c4cc(cc(O)c4O)[S](O)(=O)=O,7.85,22:20:43:41:58:56,phenol:phenol:phenol:phenol:phenol:phenol,"1,3,5-Tris(N-2-propyl-2,3-dihydroxy-5-sulfobenzoylaminomethyl)benzene",22:20:43:41:58:56,phenol:phenol:phenol:phenol:phenol:phenol,22(phenol) > 20(phenol) > 43(phenol) > 41(phenol) > 58(phenol) > 56(phenol)
CC(C)N(Cc1cc(CN(C(C)C)C(=O)c2cc(cc(O)c2O)[S](O)(=O)=O)cc(CN(C(C)C)C(=O)c3cc(cc(O)c3O)[S](O)(=O)=O)c1)C(=O)c4cc(cc(O)c4O)[S](O)(=O)=O,6.6,22:20:43:41:58:56,phenol:phenol:phenol:phenol:phenol:phenol,"1,3,5-Tris(N-2-propyl-2,3-dihydroxy-5-sulfobenzoylaminomethyl)benzene",22:20:43:41:58:56,phenol:phenol:phenol:phenol:phenol:phenol,22(phenol) > 20(phenol) > 43(phenol) > 41(phenol) > 58(phenol) > 56(phenol)
CC(=O)N(Cc1cc(CN(C(C)=O)C(=O)c2cc(cc(O)c2O)[S](O)(=O)=O)cc(CN(C(C)=O)C(=O)c3cc(cc(O)c3O)[S](O)(=O)=O)c1)C(=O)c4cc(cc(O)c4O)[S](O)(=O)=O,9.3,22:20:43:41:58:56,phenol:phenol:phenol:phenol:phenol:phenol,"1,3,5-Tris(N-acetyl-2,3-dihydroxy-5-sulfobenzoylaminomethyl)benzene",22:20:43:41:58:56,phenol:phenol:phenol:phenol:phenol:phenol,22(phenol) > 20(phenol) > 43(phenol) > 41(phenol) > 58(phenol) > 56(phenol)
CC(=O)N(Cc1cc(CN(C(C)=O)C(=O)c2cc(cc(O)c2O)[S](O)(=O)=O)cc(CN(C(C)=O)C(=O)c3cc(cc(O)c3O)[S](O)(=O)=O)c1)C(=O)c4cc(cc(O)c4O)[S](O)(=O)=O,8.4,22:20:43:41:58:56,phenol:phenol:phenol:phenol:phenol:phenol,"1,3,5-Tris(N-acetyl-2,3-dihydroxy-5-sulfobenzoylaminomethyl)benzene",22:20:43:41:58:56,phenol:phenol:phenol:phenol:phenol:phenol,22(phenol) > 20(phenol) > 43(phenol) > 41(phenol) > 58(phenol) > 56(phenol)
CC(=O)N(Cc1cc(CN(C(C)=O)C(=O)c2cc(cc(O)c2O)[S](O)(=O)=O)cc(CN(C(C)=O)C(=O)c3cc(cc(O)c3O)[S](O)(=O)=O)c1)C(=O)c4cc(cc(O)c4O)[S](O)(=O)=O,7.7,22:20:43:41:58:56,phenol:phenol:phenol:phenol:phenol:phenol,"1,3,5-Tris(N-acetyl-2,3-dihydroxy-5-sulfobenzoylaminomethyl)benzene",22:20:43:41:58:56,phenol:phenol:phenol:phenol:phenol:phenol,22(phenol) > 20(phenol) > 43(phenol) > 41(phenol) > 58(phenol) > 56(phenol)
Oc1cccc(C(=O)NC2COC(=O)C(COC(=O)C(COC2=O)NC(=O)c3cccc(O)c3O)NC(=O)c4cccc(O)c4O)c1O,8.55,47:0:34:32:45:43,phenol:phenol:phenol:phenol:phenol:phenol,"N,N',N''-Tris(2,3-dihydroxybenzoyl)cyclo(O-seryl-O-seryl-O-seryl) (Enterobactin)",47:0:34:32:45:43,phenol:phenol:phenol:phenol:phenol:phenol,47(phenol) > 0(phenol) > 34(phenol) > 32(phenol) > 45(phenol) > 43(phenol)
Oc1cccc(C(=O)NC2COC(=O)C(COC(=O)C(COC2=O)NC(=O)c3cccc(O)c3O)NC(=O)c4cccc(O)c4O)c1O,7.5,47:0:34:32:45:43,phenol:phenol:phenol:phenol:phenol:phenol,"N,N',N''-Tris(2,3-dihydroxybenzoyl)cyclo(O-seryl-O-seryl-O-seryl) (Enterobactin)",47:0:34:32:45:43,phenol:phenol:phenol:phenol:phenol:phenol,47(phenol) > 0(phenol) > 34(phenol) > 32(phenol) > 45(phenol) > 43(phenol)
Oc1cccc(C(=O)NC2COC(=O)C(COC(=O)C(COC2=O)NC(=O)c3cccc(O)c3O)NC(=O)c4cccc(O)c4O)c1O,6.0,47:0:34:32:45:43,phenol:phenol:phenol:phenol:phenol:phenol,"N,N',N''-Tris(2,3-dihydroxybenzoyl)cyclo(O-seryl-O-seryl-O-seryl) (Enterobactin)",47:0:34:32:45:43,phenol:phenol:phenol:phenol:phenol:phenol,47(phenol) > 0(phenol) > 34(phenol) > 32(phenol) > 45(phenol) > 43(phenol)
